method,class,accuracy,support,delta_vs_erm,dominant_confusion
ERM,dog,0.5984455958549223,772,0.0,elephant (150)
ERM,elephant,0.8175675675675675,740,0.0,dog (96)
ERM,giraffe,0.5232403718459495,753,0.0,dog (122)
ERM,guitar,0.9194078947368421,608,0.0,elephant (37)
ERM,horse,0.6924019607843137,816,0.0,dog (139)
ERM,house,0.5375,80,0.0,elephant (19)
ERM,person,0.79375,160,0.0,elephant (19)
DAN-DG,dog,0.0,772,-0.5984455958549223,person (772)
DAN-DG,elephant,0.0,740,-0.8175675675675675,person (740)
DAN-DG,giraffe,0.0,753,-0.5232403718459495,person (753)
DAN-DG,guitar,0.0,608,-0.9194078947368421,person (608)
DAN-DG,horse,0.0,816,-0.6924019607843137,person (816)
DAN-DG,house,0.0,80,-0.5375,person (80)
DAN-DG,person,1.0,160,0.20625000000000004,none
SAM,dog,0.25129533678756477,772,-0.3471502590673575,elephant (362)
SAM,elephant,0.9824324324324324,740,0.16486486486486485,horse (8)
SAM,giraffe,0.6706507304116865,753,0.14741035856573703,elephant (119)
SAM,guitar,0.8930921052631579,608,-0.026315789473684292,elephant (55)
SAM,horse,0.7267156862745098,816,0.03431372549019607,elephant (166)
SAM,house,0.85,80,0.3125,elephant (9)
SAM,person,0.63125,160,-0.16249999999999998,elephant (40)
Task2-DAN,dog,0.0,772,-0.5984455958549223,person (772)
Task2-DAN,elephant,0.0,740,-0.8175675675675675,person (740)
Task2-DAN,giraffe,0.0,753,-0.5232403718459495,person (753)
Task2-DAN,guitar,0.0,608,-0.9194078947368421,person (608)
Task2-DAN,horse,0.0,816,-0.6924019607843137,person (816)
Task2-DAN,house,0.0,80,-0.5375,person (80)
Task2-DAN,person,1.0,160,0.20625000000000004,none
