method,relative_path,true_class,predicted_class,predicted_confidence
ERM,dog/5335.png,dog,elephant,0.9997016787528992
ERM,giraffe/n02439033_10811-2.png,giraffe,horse,0.9995319843292236
ERM,dog/n02103406_1138-2.png,dog,elephant,0.9990936517715454
ERM,giraffe/n02439033_5004-5.png,giraffe,horse,0.9982748031616211
ERM,guitar/7629.png,guitar,elephant,0.9978480339050293
ERM,dog/5352.png,dog,elephant,0.9977553486824036
ERM,dog/n02106662_15858-1.png,dog,horse,0.9973011612892151
ERM,horse/n02374451_14738-1.png,horse,dog,0.9965517520904541
ERM,dog/n02103406_3255-3.png,dog,elephant,0.9959126114845276
ERM,giraffe/n02439033_14322-1.png,giraffe,horse,0.9952119588851929
ERM,dog/n02109525_6693-3.png,dog,elephant,0.9949123859405518
ERM,dog/n02103406_1138-1.png,dog,elephant,0.9945251941680908
DAN-DG,house/8866.png,house,person,0.1587684005498886
DAN-DG,elephant/n02503517_8137-2.png,elephant,person,0.1587684005498886
DAN-DG,horse/n02374451_1234-5.png,horse,person,0.15876540541648865
DAN-DG,house/8838.png,house,person,0.1587628573179245
DAN-DG,giraffe/n02439033_14121-7.png,giraffe,person,0.15876147150993347
DAN-DG,dog/n02109525_8457-2.png,dog,person,0.15876053273677826
DAN-DG,horse/n02374451_9443-5.png,horse,person,0.15875984728336334
DAN-DG,giraffe/n02439033_10811-5.png,giraffe,person,0.15875984728336334
DAN-DG,elephant/n02503517_7031-1.png,elephant,person,0.15875984728336334
DAN-DG,elephant/n02503517_2804-2.png,elephant,person,0.15875984728336334
DAN-DG,dog/n02106662_24019-1.png,dog,person,0.15875984728336334
DAN-DG,dog/5284.png,dog,person,0.1587592512369156
SAM,dog/n02103406_5563-2.png,dog,elephant,0.9946656227111816
SAM,dog/n02103406_1138-6.png,dog,elephant,0.9920065999031067
SAM,dog/n02109525_6693-3.png,dog,elephant,0.99085533618927
SAM,dog/n02103406_1138-2.png,dog,elephant,0.9886285066604614
SAM,dog/n02109525_18347-6.png,dog,elephant,0.9880318641662598
SAM,dog/n02109525_16346-1.png,dog,elephant,0.9879851937294006
SAM,dog/n02103406_3743-3.png,dog,elephant,0.973094642162323
SAM,dog/n02103406_371-2.png,dog,elephant,0.9708479642868042
SAM,dog/5335.png,dog,elephant,0.9621599912643433
SAM,dog/n02109525_16346-2.png,dog,elephant,0.9595862627029419
SAM,dog/n02103406_3255-3.png,dog,elephant,0.9595255255699158
SAM,dog/n02103406_1754-2.png,dog,elephant,0.9581044912338257
Task2-DAN,giraffe/n02439033_11273-4.png,giraffe,person,0.15482433140277863
Task2-DAN,giraffe/n02439033_9261-4.png,giraffe,person,0.15482433140277863
Task2-DAN,giraffe/n02439033_8846-11.png,giraffe,person,0.15482433140277863
Task2-DAN,giraffe/n02439033_8846-12.png,giraffe,person,0.15482433140277863
Task2-DAN,dog/n02103406_4916-2.png,dog,person,0.15482433140277863
Task2-DAN,horse/n02374451_10098-2.png,horse,person,0.15482433140277863
Task2-DAN,horse/n02374451_13132-3.png,horse,person,0.15482433140277863
Task2-DAN,giraffe/n02439033_11487-2.png,giraffe,person,0.15482433140277863
Task2-DAN,giraffe/7370.png,giraffe,person,0.15482433140277863
Task2-DAN,horse/n02374451_13132-4.png,horse,person,0.15482433140277863
Task2-DAN,giraffe/n02439033_10541-1.png,giraffe,person,0.15482433140277863
Task2-DAN,elephant/n02503517_3803-3.png,elephant,person,0.15482433140277863
