condition,model,accuracy,consistency_vs_clean
clean,resnet50,0.99,1.0
clean,vit_b_16,0.994,1.0
clean,clip_vit_b_32_linear,0.984,1.0
clean,clip_vit_b_32_zeroshot,0.976,1.0
grayscale,resnet50,0.968,0.97
grayscale,vit_b_16,0.976,0.978
grayscale,clip_vit_b_32_linear,0.968,0.966
grayscale,clip_vit_b_32_zeroshot,0.964,0.962
color_swap,resnet50,0.99,0.996
color_swap,vit_b_16,0.996,0.998
color_swap,clip_vit_b_32_linear,0.974,0.99
color_swap,clip_vit_b_32_zeroshot,0.964,0.988
patch_shuffle,resnet50,0.922,0.926
patch_shuffle,vit_b_16,0.942,0.946
patch_shuffle,clip_vit_b_32_linear,0.858,0.854
patch_shuffle,clip_vit_b_32_zeroshot,0.836,0.828
translate_d0,resnet50,0.99,1.0
translate_d0,vit_b_16,0.994,1.0
translate_d0,clip_vit_b_32_linear,0.984,1.0
translate_d0,clip_vit_b_32_zeroshot,0.976,1.0
translate_d8,resnet50,0.9874999999999999,0.9975
translate_d8,vit_b_16,0.991,0.9929999999999999
translate_d8,clip_vit_b_32_linear,0.9824999999999999,0.9875
translate_d8,clip_vit_b_32_zeroshot,0.9715,0.9745
translate_d16,resnet50,0.9875,0.9955
translate_d16,vit_b_16,0.9945,0.9975
translate_d16,clip_vit_b_32_linear,0.9764999999999999,0.982
translate_d16,clip_vit_b_32_zeroshot,0.9684999999999999,0.9709999999999999
translate_d32,resnet50,0.985,0.9930000000000001
translate_d32,vit_b_16,0.994,0.997
translate_d32,clip_vit_b_32_linear,0.9755,0.9835
translate_d32,clip_vit_b_32_zeroshot,0.9650000000000001,0.9764999999999999
