cue_id,pair,direction,content_class,content_class_idx,texture_class,texture_class_idx,content_id,style_id
cueconflict-0,cat-truck,A_shape_B_texture,cat,3,truck,9,test-3697,test-3536
cueconflict-1,cat-truck,A_shape_B_texture,cat,3,truck,9,test-3911,test-7197
cueconflict-2,cat-truck,A_shape_B_texture,cat,3,truck,9,test-4782,test-4581
cueconflict-3,cat-truck,A_shape_B_texture,cat,3,truck,9,test-5720,test-6089
cueconflict-4,cat-truck,A_shape_B_texture,cat,3,truck,9,test-5294,test-7830
cueconflict-5,cat-truck,A_shape_B_texture,cat,3,truck,9,test-4608,test-1165
cueconflict-6,cat-truck,A_shape_B_texture,cat,3,truck,9,test-2560,test-7258
cueconflict-7,cat-truck,A_shape_B_texture,cat,3,truck,9,test-6360,test-7767
cueconflict-8,cat-truck,A_shape_B_texture,cat,3,truck,9,test-4609,test-5801
cueconflict-9,cat-truck,A_shape_B_texture,cat,3,truck,9,test-1038,test-7643
cueconflict-10,cat-truck,A_shape_B_texture,cat,3,truck,9,test-7110,test-1515
cueconflict-11,cat-truck,A_shape_B_texture,cat,3,truck,9,test-5079,test-1893
cueconflict-12,cat-truck,A_shape_B_texture,cat,3,truck,9,test-127,test-3942
cueconflict-13,cat-truck,A_shape_B_texture,cat,3,truck,9,test-6597,test-1893
cueconflict-14,cat-truck,A_shape_B_texture,cat,3,truck,9,test-2890,test-4129
cueconflict-15,cat-truck,A_shape_B_texture,cat,3,truck,9,test-2031,test-966
cueconflict-16,cat-truck,A_shape_B_texture,cat,3,truck,9,test-6360,test-3102
cueconflict-17,cat-truck,A_shape_B_texture,cat,3,truck,9,test-536,test-5392
cueconflict-18,cat-truck,A_shape_B_texture,cat,3,truck,9,test-6718,test-4129
cueconflict-19,cat-truck,A_shape_B_texture,cat,3,truck,9,test-5079,test-7830
cueconflict-20,cat-truck,A_shape_B_texture,cat,3,truck,9,test-4198,test-6283
cueconflict-21,cat-truck,A_shape_B_texture,cat,3,truck,9,test-536,test-3733
cueconflict-22,cat-truck,B_shape_A_texture,truck,9,cat,3,test-6937,test-3338
cueconflict-23,cat-truck,B_shape_A_texture,truck,9,cat,3,test-371,test-4313
cueconflict-24,cat-truck,B_shape_A_texture,truck,9,cat,3,test-5392,test-4198
cueconflict-25,cat-truck,B_shape_A_texture,truck,9,cat,3,test-3102,test-6718
cueconflict-26,cat-truck,B_shape_A_texture,truck,9,cat,3,test-7767,test-2890
cueconflict-27,cat-truck,B_shape_A_texture,truck,9,cat,3,test-4965,test-3800
cueconflict-28,cat-truck,B_shape_A_texture,truck,9,cat,3,test-7767,test-632
cueconflict-29,cat-truck,B_shape_A_texture,truck,9,cat,3,test-5799,test-4908
cueconflict-30,cat-truck,B_shape_A_texture,truck,9,cat,3,test-1959,test-2228
cueconflict-31,cat-truck,B_shape_A_texture,truck,9,cat,3,test-3536,test-4116
cueconflict-32,cat-truck,B_shape_A_texture,truck,9,cat,3,test-2351,test-6360
cueconflict-33,cat-truck,B_shape_A_texture,truck,9,cat,3,test-5364,test-3911
cueconflict-34,cat-truck,B_shape_A_texture,truck,9,cat,3,test-2590,test-1409
cueconflict-35,cat-truck,B_shape_A_texture,truck,9,cat,3,test-4129,test-6597
cueconflict-36,cat-truck,B_shape_A_texture,truck,9,cat,3,test-4965,test-1038
cueconflict-37,cat-truck,B_shape_A_texture,truck,9,cat,3,test-1651,test-4908
cueconflict-38,cat-truck,B_shape_A_texture,truck,9,cat,3,test-3612,test-1642
cueconflict-39,cat-truck,B_shape_A_texture,truck,9,cat,3,test-7830,test-1573
cueconflict-40,cat-truck,B_shape_A_texture,truck,9,cat,3,test-6937,test-4198
cueconflict-41,cat-truck,B_shape_A_texture,truck,9,cat,3,test-3489,test-2890
cueconflict-42,cat-truck,B_shape_A_texture,truck,9,cat,3,test-3871,test-1642
cueconflict-43,cat-truck,B_shape_A_texture,truck,9,cat,3,test-3369,test-2228
cueconflict-44,bird-ship,A_shape_B_texture,bird,1,ship,8,test-2168,test-7893
cueconflict-45,bird-ship,A_shape_B_texture,bird,1,ship,8,test-5510,test-6675
cueconflict-46,bird-ship,A_shape_B_texture,bird,1,ship,8,test-4309,test-3290
cueconflict-47,bird-ship,A_shape_B_texture,bird,1,ship,8,test-7190,test-2342
cueconflict-48,bird-ship,A_shape_B_texture,bird,1,ship,8,test-95,test-240
cueconflict-49,bird-ship,A_shape_B_texture,bird,1,ship,8,test-7190,test-6165
cueconflict-50,bird-ship,A_shape_B_texture,bird,1,ship,8,test-3758,test-4058
cueconflict-51,bird-ship,A_shape_B_texture,bird,1,ship,8,test-5947,test-526
cueconflict-52,bird-ship,A_shape_B_texture,bird,1,ship,8,test-3053,test-6964
cueconflict-53,bird-ship,A_shape_B_texture,bird,1,ship,8,test-2760,test-7817
cueconflict-54,bird-ship,A_shape_B_texture,bird,1,ship,8,test-5510,test-7893
cueconflict-55,bird-ship,A_shape_B_texture,bird,1,ship,8,test-5427,test-7623
cueconflict-56,bird-ship,A_shape_B_texture,bird,1,ship,8,test-1772,test-3107
cueconflict-57,bird-ship,A_shape_B_texture,bird,1,ship,8,test-5636,test-4592
cueconflict-58,bird-ship,A_shape_B_texture,bird,1,ship,8,test-95,test-7623
cueconflict-59,bird-ship,A_shape_B_texture,bird,1,ship,8,test-1853,test-240
cueconflict-60,bird-ship,A_shape_B_texture,bird,1,ship,8,test-5316,test-7817
cueconflict-61,bird-ship,A_shape_B_texture,bird,1,ship,8,test-5049,test-6139
cueconflict-62,bird-ship,A_shape_B_texture,bird,1,ship,8,test-289,test-4058
cueconflict-63,bird-ship,A_shape_B_texture,bird,1,ship,8,test-7275,test-3107
cueconflict-64,bird-ship,A_shape_B_texture,bird,1,ship,8,test-5636,test-2487
cueconflict-65,bird-ship,A_shape_B_texture,bird,1,ship,8,test-3299,test-2342
cueconflict-66,bird-ship,B_shape_A_texture,ship,8,bird,1,test-602,test-5947
cueconflict-67,bird-ship,B_shape_A_texture,ship,8,bird,1,test-526,test-6150
cueconflict-68,bird-ship,B_shape_A_texture,ship,8,bird,1,test-7817,test-95
cueconflict-69,bird-ship,B_shape_A_texture,ship,8,bird,1,test-539,test-1564
cueconflict-70,bird-ship,B_shape_A_texture,ship,8,bird,1,test-5803,test-3053
cueconflict-71,bird-ship,B_shape_A_texture,ship,8,bird,1,test-6223,test-4828
cueconflict-72,bird-ship,B_shape_A_texture,ship,8,bird,1,test-1999,test-4828
cueconflict-73,bird-ship,B_shape_A_texture,ship,8,bird,1,test-2188,test-5265
cueconflict-74,bird-ship,B_shape_A_texture,ship,8,bird,1,test-688,test-1853
cueconflict-75,bird-ship,B_shape_A_texture,ship,8,bird,1,test-3107,test-5265
cueconflict-76,bird-ship,B_shape_A_texture,ship,8,bird,1,test-6223,test-3299
cueconflict-77,bird-ship,B_shape_A_texture,ship,8,bird,1,test-1683,test-3758
cueconflict-78,bird-ship,B_shape_A_texture,ship,8,bird,1,test-5689,test-891
cueconflict-79,bird-ship,B_shape_A_texture,ship,8,bird,1,test-4592,test-5510
cueconflict-80,bird-ship,B_shape_A_texture,ship,8,bird,1,test-3510,test-891
cueconflict-81,bird-ship,B_shape_A_texture,ship,8,bird,1,test-2188,test-1182
cueconflict-82,bird-ship,B_shape_A_texture,ship,8,bird,1,test-3107,test-3653
cueconflict-83,bird-ship,B_shape_A_texture,ship,8,bird,1,test-6139,test-2169
cueconflict-84,bird-ship,B_shape_A_texture,ship,8,bird,1,test-6165,test-6150
cueconflict-85,bird-ship,B_shape_A_texture,ship,8,bird,1,test-1999,test-6733
cueconflict-86,bird-ship,B_shape_A_texture,ship,8,bird,1,test-1683,test-95
cueconflict-87,bird-ship,B_shape_A_texture,ship,8,bird,1,test-6940,test-3272
cueconflict-88,dog-car,A_shape_B_texture,dog,5,car,2,test-6767,test-317
cueconflict-89,dog-car,A_shape_B_texture,dog,5,car,2,test-2402,test-3554
cueconflict-90,dog-car,A_shape_B_texture,dog,5,car,2,test-3743,test-6683
cueconflict-91,dog-car,A_shape_B_texture,dog,5,car,2,test-2477,test-5065
cueconflict-92,dog-car,A_shape_B_texture,dog,5,car,2,test-2130,test-74
cueconflict-93,dog-car,A_shape_B_texture,dog,5,car,2,test-3084,test-1196
cueconflict-94,dog-car,A_shape_B_texture,dog,5,car,2,test-259,test-5614
cueconflict-95,dog-car,A_shape_B_texture,dog,5,car,2,test-7074,test-7100
cueconflict-96,dog-car,A_shape_B_texture,dog,5,car,2,test-97,test-865
cueconflict-97,dog-car,A_shape_B_texture,dog,5,car,2,test-3795,test-5365
cueconflict-98,dog-car,A_shape_B_texture,dog,5,car,2,test-1027,test-5365
cueconflict-99,dog-car,A_shape_B_texture,dog,5,car,2,test-3314,test-5716
cueconflict-100,dog-car,A_shape_B_texture,dog,5,car,2,test-1822,test-317
cueconflict-101,dog-car,A_shape_B_texture,dog,5,car,2,test-6218,test-7151
cueconflict-102,dog-car,A_shape_B_texture,dog,5,car,2,test-4106,test-865
cueconflict-103,dog-car,A_shape_B_texture,dog,5,car,2,test-7834,test-4028
cueconflict-104,dog-car,A_shape_B_texture,dog,5,car,2,test-3743,test-7986
cueconflict-105,dog-car,A_shape_B_texture,dog,5,car,2,test-1373,test-3716
cueconflict-106,dog-car,A_shape_B_texture,dog,5,car,2,test-6767,test-5065
cueconflict-107,dog-car,A_shape_B_texture,dog,5,car,2,test-259,test-6683
cueconflict-108,dog-car,A_shape_B_texture,dog,5,car,2,test-4106,test-1762
cueconflict-109,dog-car,A_shape_B_texture,dog,5,car,2,test-5071,test-1196
cueconflict-110,dog-car,B_shape_A_texture,car,2,dog,5,test-4465,test-3630
cueconflict-111,dog-car,B_shape_A_texture,car,2,dog,5,test-895,test-6376
cueconflict-112,dog-car,B_shape_A_texture,car,2,dog,5,test-2747,test-5611
cueconflict-113,dog-car,B_shape_A_texture,car,2,dog,5,test-1842,test-5998
cueconflict-114,dog-car,B_shape_A_texture,car,2,dog,5,test-3301,test-1027
cueconflict-115,dog-car,B_shape_A_texture,car,2,dog,5,test-1733,test-1010
cueconflict-116,dog-car,B_shape_A_texture,car,2,dog,5,test-3925,test-1708
cueconflict-117,dog-car,B_shape_A_texture,car,2,dog,5,test-3716,test-6376
cueconflict-118,dog-car,B_shape_A_texture,car,2,dog,5,test-895,test-3027
cueconflict-119,dog-car,B_shape_A_texture,car,2,dog,5,test-3716,test-2477
cueconflict-120,dog-car,B_shape_A_texture,car,2,dog,5,test-845,test-1818
cueconflict-121,dog-car,B_shape_A_texture,car,2,dog,5,test-3301,test-3743
cueconflict-122,dog-car,B_shape_A_texture,car,2,dog,5,test-3716,test-4106
cueconflict-123,dog-car,B_shape_A_texture,car,2,dog,5,test-1842,test-5139
cueconflict-124,dog-car,B_shape_A_texture,car,2,dog,5,test-3301,test-533
cueconflict-125,dog-car,B_shape_A_texture,car,2,dog,5,test-1356,test-6376
cueconflict-126,dog-car,B_shape_A_texture,car,2,dog,5,test-524,test-2402
cueconflict-127,dog-car,B_shape_A_texture,car,2,dog,5,test-1520,test-1027
cueconflict-128,dog-car,B_shape_A_texture,car,2,dog,5,test-7100,test-6038
cueconflict-129,dog-car,B_shape_A_texture,car,2,dog,5,test-4028,test-4106
cueconflict-130,dog-car,B_shape_A_texture,car,2,dog,5,test-6196,test-5071
cueconflict-131,dog-car,B_shape_A_texture,car,2,dog,5,test-1699,test-1373
cueconflict-132,horse-airplane,A_shape_B_texture,horse,6,airplane,0,test-2561,test-2809
cueconflict-133,horse-airplane,A_shape_B_texture,horse,6,airplane,0,test-2561,test-4900
cueconflict-134,horse-airplane,A_shape_B_texture,horse,6,airplane,0,test-4153,test-2838
cueconflict-135,horse-airplane,A_shape_B_texture,horse,6,airplane,0,test-7555,test-6523
cueconflict-136,horse-airplane,A_shape_B_texture,horse,6,airplane,0,test-6051,test-7788
cueconflict-137,horse-airplane,A_shape_B_texture,horse,6,airplane,0,test-7511,test-6760
cueconflict-138,horse-airplane,A_shape_B_texture,horse,6,airplane,0,test-327,test-6523
cueconflict-139,horse-airplane,A_shape_B_texture,horse,6,airplane,0,test-5812,test-6523
cueconflict-140,horse-airplane,A_shape_B_texture,horse,6,airplane,0,test-1838,test-1917
cueconflict-141,horse-airplane,A_shape_B_texture,horse,6,airplane,0,test-2855,test-1748
cueconflict-142,horse-airplane,A_shape_B_texture,horse,6,airplane,0,test-5391,test-6189
cueconflict-143,horse-airplane,A_shape_B_texture,horse,6,airplane,0,test-2561,test-6189
cueconflict-144,horse-airplane,A_shape_B_texture,horse,6,airplane,0,test-559,test-5407
cueconflict-145,horse-airplane,A_shape_B_texture,horse,6,airplane,0,test-6203,test-1761
cueconflict-146,horse-airplane,A_shape_B_texture,horse,6,airplane,0,test-2358,test-5948
cueconflict-147,horse-airplane,A_shape_B_texture,horse,6,airplane,0,test-1838,test-6814
cueconflict-148,horse-airplane,A_shape_B_texture,horse,6,airplane,0,test-1803,test-2463
cueconflict-149,horse-airplane,A_shape_B_texture,horse,6,airplane,0,test-6576,test-5973
cueconflict-150,horse-airplane,A_shape_B_texture,horse,6,airplane,0,test-7722,test-2217
cueconflict-151,horse-airplane,A_shape_B_texture,horse,6,airplane,0,test-2430,test-4427
cueconflict-152,horse-airplane,A_shape_B_texture,horse,6,airplane,0,test-355,test-3110
cueconflict-153,horse-airplane,A_shape_B_texture,horse,6,airplane,0,test-6233,test-5836
cueconflict-154,horse-airplane,B_shape_A_texture,airplane,0,horse,6,test-2838,test-5036
cueconflict-155,horse-airplane,B_shape_A_texture,airplane,0,horse,6,test-4159,test-6329
cueconflict-156,horse-airplane,B_shape_A_texture,airplane,0,horse,6,test-1548,test-6361
cueconflict-157,horse-airplane,B_shape_A_texture,airplane,0,horse,6,test-5973,test-6576
cueconflict-158,horse-airplane,B_shape_A_texture,airplane,0,horse,6,test-3306,test-355
cueconflict-159,horse-airplane,B_shape_A_texture,airplane,0,horse,6,test-4218,test-6329
cueconflict-160,horse-airplane,B_shape_A_texture,airplane,0,horse,6,test-1548,test-4153
cueconflict-161,horse-airplane,B_shape_A_texture,airplane,0,horse,6,test-4900,test-6329
cueconflict-162,horse-airplane,B_shape_A_texture,airplane,0,horse,6,test-3110,test-2855
cueconflict-163,horse-airplane,B_shape_A_texture,airplane,0,horse,6,test-2838,test-6051
cueconflict-164,horse-airplane,B_shape_A_texture,airplane,0,horse,6,test-3913,test-1838
cueconflict-165,horse-airplane,B_shape_A_texture,airplane,0,horse,6,test-4900,test-1838
cueconflict-166,horse-airplane,B_shape_A_texture,airplane,0,horse,6,test-5178,test-770
cueconflict-167,horse-airplane,B_shape_A_texture,airplane,0,horse,6,test-4900,test-2647
cueconflict-168,horse-airplane,B_shape_A_texture,airplane,0,horse,6,test-3671,test-6203
cueconflict-169,horse-airplane,B_shape_A_texture,airplane,0,horse,6,test-1761,test-770
cueconflict-170,horse-airplane,B_shape_A_texture,airplane,0,horse,6,test-1672,test-770
cueconflict-171,horse-airplane,B_shape_A_texture,airplane,0,horse,6,test-3742,test-914
cueconflict-172,horse-airplane,B_shape_A_texture,airplane,0,horse,6,test-7788,test-7511
cueconflict-173,horse-airplane,B_shape_A_texture,airplane,0,horse,6,test-3869,test-3638
cueconflict-174,horse-airplane,B_shape_A_texture,airplane,0,horse,6,test-7788,test-5036
cueconflict-175,horse-airplane,B_shape_A_texture,airplane,0,horse,6,test-6760,test-1778
cueconflict-176,monkey-deer,A_shape_B_texture,monkey,7,deer,4,test-5846,test-3964
cueconflict-177,monkey-deer,A_shape_B_texture,monkey,7,deer,4,test-4887,test-4825
cueconflict-178,monkey-deer,A_shape_B_texture,monkey,7,deer,4,test-5717,test-700
cueconflict-179,monkey-deer,A_shape_B_texture,monkey,7,deer,4,test-5846,test-4648
cueconflict-180,monkey-deer,A_shape_B_texture,monkey,7,deer,4,test-4748,test-6079
cueconflict-181,monkey-deer,A_shape_B_texture,monkey,7,deer,4,test-7783,test-4825
cueconflict-182,monkey-deer,A_shape_B_texture,monkey,7,deer,4,test-6593,test-490
cueconflict-183,monkey-deer,A_shape_B_texture,monkey,7,deer,4,test-6141,test-6115
cueconflict-184,monkey-deer,A_shape_B_texture,monkey,7,deer,4,test-2352,test-983
cueconflict-185,monkey-deer,A_shape_B_texture,monkey,7,deer,4,test-7099,test-1582
cueconflict-186,monkey-deer,A_shape_B_texture,monkey,7,deer,4,test-1106,test-6262
cueconflict-187,monkey-deer,A_shape_B_texture,monkey,7,deer,4,test-7783,test-937
cueconflict-188,monkey-deer,A_shape_B_texture,monkey,7,deer,4,test-2787,test-4568
cueconflict-189,monkey-deer,A_shape_B_texture,monkey,7,deer,4,test-5826,test-3819
cueconflict-190,monkey-deer,A_shape_B_texture,monkey,7,deer,4,test-2246,test-6637
cueconflict-191,monkey-deer,A_shape_B_texture,monkey,7,deer,4,test-2056,test-490
cueconflict-192,monkey-deer,A_shape_B_texture,monkey,7,deer,4,test-784,test-321
cueconflict-193,monkey-deer,A_shape_B_texture,monkey,7,deer,4,test-5977,test-5675
cueconflict-194,monkey-deer,A_shape_B_texture,monkey,7,deer,4,test-7407,test-937
cueconflict-195,monkey-deer,A_shape_B_texture,monkey,7,deer,4,test-7407,test-4648
cueconflict-196,monkey-deer,A_shape_B_texture,monkey,7,deer,4,test-7749,test-5266
cueconflict-197,monkey-deer,A_shape_B_texture,monkey,7,deer,4,test-1106,test-3042
cueconflict-198,monkey-deer,B_shape_A_texture,deer,4,monkey,7,test-5514,test-6593
cueconflict-199,monkey-deer,B_shape_A_texture,deer,4,monkey,7,test-6637,test-4887
cueconflict-200,monkey-deer,B_shape_A_texture,deer,4,monkey,7,test-1582,test-2352
cueconflict-201,monkey-deer,B_shape_A_texture,deer,4,monkey,7,test-965,test-7569
cueconflict-202,monkey-deer,B_shape_A_texture,deer,4,monkey,7,test-3819,test-5597
cueconflict-203,monkey-deer,B_shape_A_texture,deer,4,monkey,7,test-937,test-784
cueconflict-204,monkey-deer,B_shape_A_texture,deer,4,monkey,7,test-937,test-4706
cueconflict-205,monkey-deer,B_shape_A_texture,deer,4,monkey,7,test-7278,test-5846
cueconflict-206,monkey-deer,B_shape_A_texture,deer,4,monkey,7,test-5266,test-7099
cueconflict-207,monkey-deer,B_shape_A_texture,deer,4,monkey,7,test-6115,test-4887
cueconflict-208,monkey-deer,B_shape_A_texture,deer,4,monkey,7,test-6763,test-7783
cueconflict-209,monkey-deer,B_shape_A_texture,deer,4,monkey,7,test-965,test-6141
cueconflict-210,monkey-deer,B_shape_A_texture,deer,4,monkey,7,test-4352,test-571
cueconflict-211,monkey-deer,B_shape_A_texture,deer,4,monkey,7,test-2802,test-4952
cueconflict-212,monkey-deer,B_shape_A_texture,deer,4,monkey,7,test-2307,test-2787
cueconflict-213,monkey-deer,B_shape_A_texture,deer,4,monkey,7,test-2064,test-661
cueconflict-214,monkey-deer,B_shape_A_texture,deer,4,monkey,7,test-5675,test-1106
cueconflict-215,monkey-deer,B_shape_A_texture,deer,4,monkey,7,test-5266,test-1639
cueconflict-216,monkey-deer,B_shape_A_texture,deer,4,monkey,7,test-7278,test-6141
cueconflict-217,monkey-deer,B_shape_A_texture,deer,4,monkey,7,test-2802,test-4706
cueconflict-218,monkey-deer,B_shape_A_texture,deer,4,monkey,7,test-761,test-5826
cueconflict-219,monkey-deer,B_shape_A_texture,deer,4,monkey,7,test-767,test-1008
