backbone,condition,I_T
resnet50,grayscale,0.8047203421592712
resnet50,cue_conflict,0.26358577609062195
resnet50,translate_d32_up,0.9350941181182861
resnet50,patch_shuffle,0.694612979888916
vit_b_16,grayscale,0.7377124428749084
vit_b_16,cue_conflict,0.25507470965385437
vit_b_16,translate_d32_up,0.9405261874198914
vit_b_16,patch_shuffle,0.6341828107833862
clip_vit_b_32,grayscale,0.8899844884872437
clip_vit_b_32,cue_conflict,0.6954319477081299
clip_vit_b_32,translate_d32_up,0.9724501371383667
clip_vit_b_32,patch_shuffle,0.7494083046913147
