model,pair,n_total,n_shape,n_texture,n_other,shape_bias_pct,coverage_pct
resnet50,cat-truck,44,6,6,32,50.0,27.272727272727273
resnet50,__all__,220,58,42,120,58.0,45.45454545454545
resnet50,bird-ship,44,14,21,9,40.0,79.54545454545455
resnet50,dog-car,44,7,3,34,70.0,22.727272727272727
resnet50,horse-airplane,44,6,7,31,46.15384615384615,29.545454545454547
resnet50,monkey-deer,44,25,5,14,83.33333333333333,68.18181818181819
vit_b_16,cat-truck,44,17,1,26,94.44444444444444,40.90909090909091
vit_b_16,__all__,220,101,31,88,76.51515151515152,60.0
vit_b_16,bird-ship,44,16,11,17,59.25925925925926,61.36363636363637
vit_b_16,dog-car,44,17,5,22,77.27272727272727,50.0
vit_b_16,horse-airplane,44,16,13,15,55.172413793103445,65.9090909090909
vit_b_16,monkey-deer,44,35,1,8,97.22222222222223,81.81818181818181
clip_vit_b_32_linear,cat-truck,44,23,11,10,67.6470588235294,77.27272727272727
clip_vit_b_32_linear,__all__,220,107,18,95,85.6,56.81818181818182
clip_vit_b_32_linear,bird-ship,44,17,3,24,85.0,45.45454545454545
clip_vit_b_32_linear,dog-car,44,21,1,22,95.45454545454545,50.0
clip_vit_b_32_linear,horse-airplane,44,13,2,29,86.66666666666667,34.09090909090909
clip_vit_b_32_linear,monkey-deer,44,33,1,10,97.05882352941177,77.27272727272727
clip_vit_b_32_zeroshot,cat-truck,44,16,2,26,88.88888888888889,40.90909090909091
clip_vit_b_32_zeroshot,__all__,220,115,21,84,84.55882352941177,61.81818181818182
clip_vit_b_32_zeroshot,bird-ship,44,27,13,4,67.5,90.9090909090909
clip_vit_b_32_zeroshot,dog-car,44,22,3,19,88.0,56.81818181818182
clip_vit_b_32_zeroshot,horse-airplane,44,14,3,27,82.3529411764706,38.63636363636363
clip_vit_b_32_zeroshot,monkey-deer,44,36,0,8,100.0,81.81818181818181
