delta,model,accuracy,consistency_vs_clean
0,resnet50,0.99,1.0
0,vit_b_16,0.994,1.0
0,clip_vit_b_32_linear,0.984,1.0
0,clip_vit_b_32_zeroshot,0.976,1.0
8,resnet50,0.9874999999999999,0.9975
8,vit_b_16,0.991,0.9929999999999999
8,clip_vit_b_32_linear,0.9824999999999999,0.9875
8,clip_vit_b_32_zeroshot,0.9715,0.9745
16,resnet50,0.9875,0.9955
16,vit_b_16,0.9945,0.9975
16,clip_vit_b_32_linear,0.9764999999999999,0.982
16,clip_vit_b_32_zeroshot,0.9684999999999999,0.9709999999999999
32,resnet50,0.985,0.9930000000000001
32,vit_b_16,0.994,0.997
32,clip_vit_b_32_linear,0.9755,0.9835
32,clip_vit_b_32_zeroshot,0.9650000000000001,0.9764999999999999
