method,class,accuracy,support,delta_vs_source_only,dominant_confusion
source_only,dog,0.5984455958549223,772,0.0,elephant (150)
source_only,elephant,0.8175675675675675,740,0.0,dog (96)
source_only,giraffe,0.5232403718459495,753,0.0,dog (122)
source_only,guitar,0.9194078947368421,608,0.0,elephant (37)
source_only,horse,0.6924019607843137,816,0.0,dog (139)
source_only,house,0.5375,80,0.0,elephant (19)
source_only,person,0.79375,160,0.0,elephant (19)
dan,dog,0.0,772,-0.5984455958549223,person (772)
dan,elephant,0.0,740,-0.8175675675675675,person (740)
dan,giraffe,0.0,753,-0.5232403718459495,person (753)
dan,guitar,0.0,608,-0.9194078947368421,person (608)
dan,horse,0.0,816,-0.6924019607843137,person (816)
dan,house,0.0,80,-0.5375,person (80)
dan,person,1.0,160,0.20625000000000004,none
dann,dog,0.3639896373056995,772,-0.2344559585492228,giraffe (228)
dann,elephant,0.06351351351351352,740,-0.754054054054054,dog (321)
dann,giraffe,0.3041168658698539,753,-0.2191235059760956,dog (316)
dann,guitar,0.024671052631578948,608,-0.8947368421052632,dog (372)
dann,horse,0.21323529411764705,816,-0.47916666666666663,dog (270)
dann,house,0.0375,80,-0.5,horse (38)
dann,person,0.04375,160,-0.75,horse (73)
cdan,dog,0.6528497409326425,772,0.05440414507772018,elephant (110)
cdan,elephant,0.8986486486486487,740,0.08108108108108114,person (46)
cdan,giraffe,0.5790172642762285,753,0.055776892430278946,dog (113)
cdan,guitar,0.9555921052631579,608,0.03618421052631571,elephant (12)
cdan,horse,0.7892156862745098,816,0.09681372549019607,dog (66)
cdan,house,1.0,80,0.4625,none
cdan,person,0.99375,160,0.20000000000000007,house (1)
