group,unknown_class,predicted_cifar10_class,accepted_count,share_of_accepted_for_unknown_class
near,bus,airplane,1,0.011627906976744186
near,bus,automobile,16,0.18604651162790697
near,bus,bird,0,0.0
near,bus,cat,0,0.0
near,bus,deer,0,0.0
near,bus,dog,0,0.0
near,bus,frog,0,0.0
near,bus,horse,1,0.011627906976744186
near,bus,ship,0,0.0
near,bus,truck,68,0.7906976744186046
near,camel,airplane,3,0.05
near,camel,automobile,0,0.0
near,camel,bird,9,0.15
near,camel,cat,2,0.03333333333333333
near,camel,deer,16,0.26666666666666666
near,camel,dog,18,0.3
near,camel,frog,0,0.0
near,camel,horse,12,0.2
near,camel,ship,0,0.0
near,camel,truck,0,0.0
near,fox,airplane,1,0.014285714285714285
near,fox,automobile,0,0.0
near,fox,bird,1,0.014285714285714285
near,fox,cat,33,0.4714285714285714
near,fox,deer,20,0.2857142857142857
near,fox,dog,11,0.15714285714285714
near,fox,frog,2,0.02857142857142857
near,fox,horse,2,0.02857142857142857
near,fox,ship,0,0.0
near,fox,truck,0,0.0
near,leopard,airplane,0,0.0
near,leopard,automobile,0,0.0
near,leopard,bird,2,0.029411764705882353
near,leopard,cat,35,0.5147058823529411
near,leopard,deer,8,0.11764705882352941
near,leopard,dog,3,0.04411764705882353
near,leopard,frog,20,0.29411764705882354
near,leopard,horse,0,0.0
near,leopard,ship,0,0.0
near,leopard,truck,0,0.0
near,motorcycle,airplane,7,0.2
near,motorcycle,automobile,15,0.42857142857142855
near,motorcycle,bird,0,0.0
near,motorcycle,cat,1,0.02857142857142857
near,motorcycle,deer,0,0.0
near,motorcycle,dog,1,0.02857142857142857
near,motorcycle,frog,1,0.02857142857142857
near,motorcycle,horse,1,0.02857142857142857
near,motorcycle,ship,0,0.0
near,motorcycle,truck,9,0.2571428571428571
near,pickup_truck,airplane,0,0.0
near,pickup_truck,automobile,69,0.7931034482758621
near,pickup_truck,bird,0,0.0
near,pickup_truck,cat,0,0.0
near,pickup_truck,deer,0,0.0
near,pickup_truck,dog,0,0.0
near,pickup_truck,frog,0,0.0
near,pickup_truck,horse,0,0.0
near,pickup_truck,ship,0,0.0
near,pickup_truck,truck,18,0.20689655172413793
near,tractor,airplane,0,0.0
near,tractor,automobile,3,0.05
near,tractor,bird,0,0.0
near,tractor,cat,1,0.016666666666666666
near,tractor,deer,0,0.0
near,tractor,dog,0,0.0
near,tractor,frog,0,0.0
near,tractor,horse,0,0.0
near,tractor,ship,3,0.05
near,tractor,truck,53,0.8833333333333333
near,wolf,airplane,0,0.0
near,wolf,automobile,0,0.0
near,wolf,bird,1,0.011235955056179775
near,wolf,cat,47,0.5280898876404494
near,wolf,deer,3,0.033707865168539325
near,wolf,dog,37,0.4157303370786517
near,wolf,frog,0,0.0
near,wolf,horse,1,0.011235955056179775
near,wolf,ship,0,0.0
near,wolf,truck,0,0.0
far,bottle,airplane,2,0.0425531914893617
far,bottle,automobile,2,0.0425531914893617
far,bottle,bird,6,0.1276595744680851
far,bottle,cat,11,0.23404255319148937
far,bottle,deer,0,0.0
far,bottle,dog,1,0.02127659574468085
far,bottle,frog,2,0.0425531914893617
far,bottle,horse,0,0.0
far,bottle,ship,17,0.3617021276595745
far,bottle,truck,6,0.1276595744680851
far,bowl,airplane,3,0.05555555555555555
far,bowl,automobile,9,0.16666666666666666
far,bowl,bird,1,0.018518518518518517
far,bowl,cat,18,0.3333333333333333
far,bowl,deer,0,0.0
far,bowl,dog,2,0.037037037037037035
far,bowl,frog,9,0.16666666666666666
far,bowl,horse,0,0.0
far,bowl,ship,11,0.2037037037037037
far,bowl,truck,1,0.018518518518518517
far,chair,airplane,30,0.6818181818181818
far,chair,automobile,0,0.0
far,chair,bird,6,0.13636363636363635
far,chair,cat,2,0.045454545454545456
far,chair,deer,0,0.0
far,chair,dog,0,0.0
far,chair,frog,1,0.022727272727272728
far,chair,horse,1,0.022727272727272728
far,chair,ship,0,0.0
far,chair,truck,4,0.09090909090909091
far,clock,airplane,2,0.05
far,clock,automobile,6,0.15
far,clock,bird,5,0.125
far,clock,cat,14,0.35
far,clock,deer,0,0.0
far,clock,dog,1,0.025
far,clock,frog,0,0.0
far,clock,horse,0,0.0
far,clock,ship,9,0.225
far,clock,truck,3,0.075
far,keyboard,airplane,8,0.2857142857142857
far,keyboard,automobile,1,0.03571428571428571
far,keyboard,bird,4,0.14285714285714285
far,keyboard,cat,4,0.14285714285714285
far,keyboard,deer,0,0.0
far,keyboard,dog,0,0.0
far,keyboard,frog,2,0.07142857142857142
far,keyboard,horse,0,0.0
far,keyboard,ship,2,0.07142857142857142
far,keyboard,truck,7,0.25
far,mushroom,airplane,2,0.043478260869565216
far,mushroom,automobile,0,0.0
far,mushroom,bird,19,0.41304347826086957
far,mushroom,cat,12,0.2608695652173913
far,mushroom,deer,3,0.06521739130434782
far,mushroom,dog,0,0.0
far,mushroom,frog,9,0.1956521739130435
far,mushroom,horse,1,0.021739130434782608
far,mushroom,ship,0,0.0
far,mushroom,truck,0,0.0
far,sunflower,airplane,2,0.046511627906976744
far,sunflower,automobile,0,0.0
far,sunflower,bird,21,0.4883720930232558
far,sunflower,cat,4,0.09302325581395349
far,sunflower,deer,1,0.023255813953488372
far,sunflower,dog,5,0.11627906976744186
far,sunflower,frog,9,0.20930232558139536
far,sunflower,horse,0,0.0
far,sunflower,ship,0,0.0
far,sunflower,truck,1,0.023255813953488372
far,wardrobe,airplane,0,0.0
far,wardrobe,automobile,0,0.0
far,wardrobe,bird,0,0.0
far,wardrobe,cat,28,0.4827586206896552
far,wardrobe,deer,0,0.0
far,wardrobe,dog,0,0.0
far,wardrobe,frog,0,0.0
far,wardrobe,horse,0,0.0
far,wardrobe,ship,1,0.017241379310344827
far,wardrobe,truck,29,0.5
