group,unknown_class,unknown_class_idx,n,accepted_count,accepted_rate,mean_mls_unknownness,most_common_absorbing_class,most_common_absorbing_count,most_common_share_of_accepted
far,wardrobe,94,100,58,0.58,-6.14425802230835,truck,29,0.5
far,bowl,10,100,54,0.54,-6.068339824676514,cat,18,0.3333333333333333
far,bottle,9,100,47,0.47,-5.670039176940918,ship,17,0.3617021276595745
far,mushroom,51,100,46,0.46,-6.153886795043945,bird,19,0.41304347826086957
far,chair,20,100,44,0.44,-5.646718978881836,airplane,30,0.6818181818181818
far,sunflower,82,100,43,0.43,-5.487929821014404,bird,21,0.4883720930232558
far,clock,22,100,40,0.4,-5.522968769073486,cat,14,0.35
far,keyboard,39,100,28,0.28,-5.366464614868164,airplane,8,0.2857142857142857
near,wolf,97,100,89,0.89,-7.740527153015137,cat,47,0.5280898876404494
near,pickup_truck,58,100,87,0.87,-7.965488433837891,automobile,69,0.7931034482758621
near,bus,13,100,86,0.86,-8.101698875427246,truck,68,0.7906976744186046
near,fox,34,100,70,0.7,-6.944570541381836,cat,33,0.4714285714285714
near,leopard,42,100,68,0.68,-6.777031421661377,cat,35,0.5147058823529411
near,camel,15,100,60,0.6,-6.422402381896973,dog,18,0.3
near,tractor,89,100,60,0.6,-6.35525369644165,truck,53,0.8833333333333333
near,motorcycle,48,100,35,0.35,-5.275058746337891,automobile,15,0.42857142857142855
