epoch,classification_loss,alignment_loss,mean_source_val_f1
1,0.5028411342029242,0.0,0.8850969178298249
2,0.200666632340785,0.0,0.8718149301224832
3,0.1532385531822813,0.0,0.9243085866365064
4,0.119898098253427,0.0,0.9215351821637516
5,0.0941680664326958,0.0,0.917935469866264
6,0.0884491961422138,0.0,0.9262982022536964
7,0.0648055898608947,0.0,0.9217131558338728
8,0.0622773921714743,0.0,0.9255302087728624
9,0.0592736466723355,0.0,0.9224828795523176
10,0.0645258405048925,0.0,0.8999901453216043
11,0.0542149164038184,0.0,0.9480344894745244
12,0.0475891613524389,0.0,0.935719927462214
13,0.050431100343663,0.0,0.8873277688433395
14,0.0298352907832695,0.0,0.94257627605983
15,0.044157099338074,0.0,0.9237021406943214
16,0.0348727958994555,0.0,0.9371360573292122
