epoch,classification_loss,adaptation_loss,mean_source_val_f1
1,0.5028411342029242,0.0,0.8850969178298249
2,0.20066663234078505,0.0,0.8718149301224832
3,0.15323855318228138,0.0,0.9243085866365064
4,0.11989809825342704,0.0,0.9215351821637516
5,0.09416806643269585,0.0,0.917935469866264
6,0.08844919614221386,0.0,0.9262982022536965
7,0.0648055898608947,0.0,0.9217131558338728
8,0.06227739217147439,0.0,0.9255302087728624
9,0.059273646672335555,0.0,0.9224828795523177
10,0.06452584050489253,0.0,0.8999901453216043
11,0.0542149164038184,0.0,0.9480344894745243
12,0.04758916135243898,0.0,0.935719927462214
13,0.05043110034366304,0.0,0.8873277688433395
14,0.029835290783269536,0.0,0.94257627605983
15,0.04415709933807406,0.0,0.9237021406943214
16,0.03487279589945559,0.0,0.9371360573292122
